council,name,ward
aberdeenshire,john cox,Banff and District
aberdeenshire,laurie carnie,Mearns
aberdeenshire,mark findlater,Troup
ashford,bill barrett,Singleton East
blaby,john bloxham,Glen Parva
blackpool,emma ellison,Norbreck
blackpool,jim o'neill,Marton
bolsover,carol wood,Bolsover South
boston,jonathan noble,Trinity
breckland,michael westman,Thetford Priory
breckland,robin hunter-clarke,Hermitage
breckland,scott hussey,Bedingfeld
bridgend,owain clatworthy,"Pyle, Kenfig Hill and Cefn Cribwr"
buckinghamshire,kathy gibbon,"Bierton, Kingsbrook & Wing"
cambridgeshire,andy osborn,Roman Bank & Peckover
cambridgeshire,christopher thornhill,March South & Rural
cambridgeshire,colin galbraith,March North & Waldersey
cambridgeshire,daniel divine,Chatteris
cambridgeshire,des watt,Yaxley & Farcet
cambridgeshire,james sidlow,Ramsey & Bury
cambridgeshire,john wells,Littleport
cambridgeshire,michael fisher,Whittlesey South
cambridgeshire,ricky ioannides,St. Neots Eynesbury
cambridgeshire,stefan fisher,March North & Waldersey
cheshire east,reg kain,Alsager
cheshire west and chester,graham heatley,Gowy Rural
cheshire west and chester,mandy clare,Winsford Dene
cornwall,angus black,Calstock
cornwall,anna thomason-kenyon,"Constantine, Mabe & Mawnan"
cornwall,bruce craze,"Four Lanes, Beacon & Troon"
cornwall,christine parsonage,St Columb Minor & Colan
cornwall,cliff crawford,Illogan & Portreath
cornwall,elaine kist,St Stephen-in-Brannel
cornwall,ian wilson,"Fowey, Tywardreath & Par"
cornwall,jack yelland,St Austell Central & Gover
cornwall,jamie hanlon,Penwithick & Boscoppa
cornwall,jim gale,Lynher
cornwall,julie cunningham,St Mewan & Grampound
cornwall,karen knight,Camborne West & Treswithian
cornwall,keith johnson,Saltash Tamar
cornwall,kevin grey,Liskeard Central
cornwall,kevin towill,Newquay Porth & Tretherras
cornwall,louise blackman,Perranporth
cornwall,paul ashton,St Austell Poltair & Mount Charles
cornwall,paul cador,Saltash Trematon & Landrake
cornwall,peter channon,Hayle West
cornwall,richard barker,"St Newlyn East, Cubert & Goonhavern"
cornwall,rob heslington,Gwinear-Gwithian & Hayle East
cornwall,rob parsonage,Torpoint
cornwall,roger tarrant,Redruth North
cornwall,rowland o'connor,"St Columb Major, St Mawgan & St Wenn"
cornwall,sally harrison,Redruth South
cornwall,sean smith,St Cleer & Menheniot
cornwall,steve trevelyan,Roche & Bugle
cornwall,susanne desmonde,Pool & Tehidy
derbyshire,alex millward,Linacre & Loundsley Green
derbyshire,charlotte gates,Swanwick & Riddings
derbyshire,charlotte hill,Melbourne & Woodville
derbyshire,darran furness,"Codnor, Aldercar, Langley Mill & Loscoe"
derbyshire,darren muizelaar,"North Wingfield, Pilsley & Morton"
derbyshire,david elsdon,Killamarsh & Renishaw
derbyshire,jack bradley,Long Eaton North
derbyshire,jamie hodgson,Eckington & Coal Aston
derbyshire,kevin harper,Barlborough & Clowne
derbyshire,lewis whitbread,Hasland & Rother
derbyshire,mark chambers,Ripley West & Crich
derbyshire,mark cliff,Staveley North & Whittington
derbyshire,matthew benfield,Repton & Stenson
derbyshire,melandra smith,Buxton North & East
derbyshire,nephi somerville,South Normanton & Pinxton
derbyshire,nick adams,Dovedale & Ashbourne North
derbyshire,paul parkin,Shirland & Wingerworth South
derbyshire,richard morgan,Horsley
derbyshire,roy hallett,Elmton with Creswell & Whitwell
derbyshire,sarah reaney,Shirebrook & Pleasley
derbyshire,simon mabbott,Ilkeston South & Kirk Hallam
derbyshire,stephen reed,Clay Cross & Tupton
derbyshire,stuart bent,Alfreton & Somercotes
devon,angela nash,Wonford & St. Loyes
devon,edward hill,Pinhoe & Mincinglake
devon,heather horner,Ipplepen & The Kerswells
devon,helen brown,Exmouth
devon,jacqueline fry,Newton Abbot North
devon,james grainger,Okehampton Rural
devon,lynne rowsell,Holsworthy Rural
devon,mark barry,Bideford East
devon,michael cook,Yelverton Rural
devon,mick cockerham,Newton Abbot South
devon,nat vanstone,Broadclyst
devon,neale raleigh,Tiverton East
devon,neil stevens,Alphington & Cowick
devon,richard hopley,South Molton
devon,robin julian,Bideford West & Hartland
devon,sue davies,Hatherleigh & Chagford
devon,tony dempster,Kingsteignton & Teign Estuary
devon,tony stevens,Exwick & St. Thomas
doncaster,alexander jones,Edenthorpe & Kirk Sandall
doncaster,christopher marriott,Armthorpe
doncaster,dave knight,Thorne & Moorends
doncaster,frank jackson,Norton & Askern
doncaster,gerald squire,Norton & Askern
doncaster,glyn whiting,Thorne & Moorends
doncaster,guy aston,Wheatley Hills & Intake
doncaster,jackie dudley,Tickhill & Wadsworth
doncaster,joan briggs,Edlington & Warmsworth
doncaster,karl hughes,Stainforth & Barnby Dun
doncaster,kieran lay,Thorne & Moorends
doncaster,maria hollingworth,Adwick le Street & Carcroft
doncaster,mark broadhurst,Hatfield
doncaster,neil wood,Stainforth & Barnby Dun
doncaster,nicola brown,Adwick le Street & Carcroft
doncaster,paul cutts,Wheatley Hills & Intake
doncaster,russ linley,Hexthorpe & Balby North
doncaster,samuel booth,Bentley
doncaster,stephen barnett,Edlington & Warmsworth
doncaster,steven plater,Adwick le Street & Carcroft
doncaster,vicky lawson,Norton & Askern
durham,aaron hillam,Craghead & South Moor
durham,adrian schulman,Crook
durham,andrew eales,Aycliffe South
durham,andrew harrison,Seaham
durham,andrew husband,Chester-le-Street North
durham,andrew kilburn,Benfieldside
durham,brian quirey,Pelton
durham,cathy hunt,Willington & Hunwick
durham,chris fairs,Seaham
durham,christine blatchford,Stanley
durham,craig marshall,Derwent & Pont Valley
durham,darren grimes,Annfield Plain & Tanfield
durham,david cumming,Murton
durham,david walton,Stanley
durham,dawn bellingham,Horden & Dene House
durham,dawn saunders,Peterlee
durham,emma hunt,Willington & Hunwick
durham,gavin brydon,Derwent & Pont Valley
durham,george anderson,Dalton & Dawdon
durham,howard brown,Easington & Shotton
durham,ian catchpole,Sedgefield
durham,ian cross,Pelton
durham,jack mcglenen,Dalton & Dawdon
durham,jackie teasdale,Delves Lane
durham,james pickard,Sacriston & Witton Gilbert
durham,james stephenson,Shildon & Dene Valley
durham,jasmine fox,Lower Teesdale
durham,jillian campbell,Lower Teesdale
durham,joe quinn,Ferryhill
durham,john bailey,Easington & Shotton
durham,john cook,Craghead & South Moor
durham,john cottier,Horden & Dene House
durham,john grant,Aycliffe South
durham,john kinvig,Bishop Auckland
durham,karen allison,Annfield Plain & Tanfield
durham,kate rowland,Shildon & Dene Valley
durham,kenny hope,Delves Lane
durham,kyle genner,Bowburn & Coxhoe
durham,louise taylor,Easington & Shotton
durham,lyndsey fox,Bishop Auckland
durham,mark rowney,Murton
durham,mary-lynn franklin,Trimdon & Wingate
durham,matt burnard,Deerness
durham,michael ramage,Shildon & Dene Valley
durham,neil craggs,Thornley & Wheatley Hill
durham,nick brown,West Auckland
durham,nicola lyons,Tudhoe
durham,nicole brown,Aycliffe South
durham,paul bean,Crook
durham,paul mountford,Ferryhill
durham,rhys burriss,Pittington & Sherburn
durham,robbie rodiss,Crook
durham,robert potts,Evenwood
durham,saffron sims-brydon,Derwent & Pont Valley
durham,sandra grindle,Benfieldside
durham,scott woodhouse,Castle Eden & Passfield
durham,sean healy,Deerness
durham,stephen bowron,Chilton
durham,stephen gray,West Auckland
durham,steve biggs,Pelton
durham,steven franklin,Peterlee
durham,susan husband,Trimdon & Wingate
durham,tim mcguinness,Aycliffe North & Middridge
durham,tim robson,Sacriston & Witton Gilbert
durham,tom redmond,Bishop Auckland
east hertfordshire,graham mcandrew,Bishop's Stortford Thorley Manor
east hertfordshire,terry smith,Braughing & Standon
east lindsey,danny brookes,Winthorpe
east lindsey,jimmy brookes,Burgh le Marsh
east riding of yorkshire,jon dimberline,South East Holderness
elmbridge,harrison allman-varty,Oatlands and Burwood Park
essex,jaymey mcivor,Ongar and Rural
exeter,tony payne,Mincinglake and Whipton
falkirk,claire brown,Upper Braes
folkestone and hythe,david wimble,New Romney
forest of dean,stuart graham,Cinderford East
glasgow city,thomas kerr,Shettleston
gloucestershire,chris mayo,Quedgeley
gloucestershire,dean botterill,Stonehouse
gloucestershire,jason preece,Grange & Kingsway
gloucestershire,leigh challis,Coleford
gloucestershire,mark howard,Lydney
gloucestershire,michael rees,Cam Valley
gloucestershire,piers camp,Drybrook & Lydbrook
gloucestershire,ray donaghue,Cinderford
gloucestershire,stuart graham,Mitcheldean
gloucestershire,vernon gray,Tuffley & Moreland
gloucestershire,vernon smith,Tewkesbury West
hartlepool,amanda napper,Throston
hertfordshire,anthony owen,Goffs Oak & Bury Green
hertfordshire,christopher wright,Hemel Hempstead St. Pauls
hertfordshire,david herring,Hemel Hempstead North West
hertfordshire,doug bainbridge,Old Stevenage
hertfordshire,janet bainbridge,Broadwater
hertfordshire,mark biddle,Welwyn Garden City South
hertfordshire,matthew hurst,St. Nicholas
hertfordshire,michael blissett,Harpenden South West
hertfordshire,peter colley,Bedwell
hertfordshire,saul jacob,Borehamwood South
hertfordshire,simon rhodes,Borehamwood North
hertfordshire,terry smith,Buntingford
hertfordshire,tony hill,Flamstead End & Turnford
hertfordshire,wendy rouse,Shephall
isle of wight,caroline gladwin,Central Rural
isle of wight,david maclean,Lake North
kent,adrian kibble,Whitstable East & Herne Bay West
kent,alan cecil,Wilmington
kent,albert thorp,Dover Town
kent,amelia randall,Birchington & Rural
kent,ben fryer,Dartford North East
kent,beverley fordham,Dartford West
kent,bill barrett,Ashford Rural South
kent,brian black,Maidstone Rural South
kent,brian collins,Ashford Rural East
kent,bridget porter,Dover North
kent,chris burwash,Deal & Walmer
kent,chris palmer,Sittingbourne North
kent,christopher hespe,Elham Valley
kent,daniel taylor,Cliftonville
kent,david wimble,Romney Marsh
kent,dean burns,Ashford East
kent,dean truder,Swanley
kent,diane morton,Gravesham Rural
kent,dodger sian,Malling North
kent,garry sturley,Gravesend East
kent,georgia foster,Gravesend East
kent,isabella kemp,Sheppey
kent,james defriend,Dover Town
kent,jamie henderson,Margate
kent,jeremy eustace,Ashford Rural West
kent,john baker,Folkestone West
kent,john finch,Broadstairs
kent,linden kemkaran,Maidstone South East
kent,luke evans,Birchington & Rural
kent,marc logen,Sevenoaks North & Darent Valley
kent,mark mulvihill,Herne Village & Sturry
kent,martin paul,Deal & Walmer
kent,mary lawes,Folkestone East
kent,matthew moat,Northfleet & Gravesend West
kent,maxine fothergill,Sevenoaks Rural North East
kent,maxwell harrison,Sheppey
kent,michael brown,Dartford Rural
kent,nick wibberley,Ashford South
kent,oliver bradshaw,Maidstone Central
kent,pamela williams,Ashford Central
kent,paul chamberlain,Herne Bay East
kent,paul king,Dover West
kent,paul thomas,Maidstone South
kent,paul webb,Sittingbourne South
kent,peter evans,Sandwich
kent,peter osborne,Hythe West
kent,richard palmer,Swale West
kent,robert ford,Maidstone Rural West
kent,robert mayall,Sevenoaks Rural South
kent,ryan waters,Dartford East
kent,sarah emberson,Maidstone Rural East
kent,sharon roots,Northfleet & Gravesend West
kent,spencer dixon,Maidstone Rural North
kent,terry mole,Ramsgate
kent,thomas mallon,Swanscombe & Greenhithe
kent,trevor shonk,Ramsgate
kent,wayne chapman,Tenterden
king's lynn and west norfolk,julian kirk,"Walsoken, West Walton & Walpole"
king's lynn and west norfolk,peter hodson,Denver
lancashire,alice jones,Fleetwood West & Cleveleys West
lancashire,andy blake,Moss Side & Farington
lancashire,ashley joynes,Accrington South
lancashire,brian moore,Morecambe South
lancashire,clive balchin,Mid-Rossendale
lancashire,daniel matchett,Whitworth & Bacup
lancashire,david dwyer,Fylde South
lancashire,david shaw,Fleetwood East
lancashire,eddie kutavicius,Burnley South West
lancashire,ella worthington,Skelmersdale West
lancashire,ellie close,Leyland South
lancashire,fred cottam,South Ribble East
lancashire,gary kniveton,Morecambe Central
lancashire,gaynor hargreaves,Oswaldtwistle
lancashire,ged mirfin,Ribble Valley North East
lancashire,graeme austin,Heysham
lancashire,graham dalton,Lancaster Rural North
lancashire,hannah whalley,Leyland Central
lancashire,ian duxbury,Longridge with Bowland
lancashire,james crawford,Cleveleys East
lancashire,james tomlinson,Wyre Rural East
lancashire,jan schofield,Cleveleys South & Carleton
lancashire,joanne ash,Rossendale South
lancashire,joel tetlow,Accrington North
lancashire,john clemson,Hoghton with Wheelton
lancashire,jordan fox,"Great Harwood, Rishton & Clayton-le-Moors"
lancashire,joshua roberts,Fylde East
lancashire,lance parkinson,"Great Harwood, Rishton & Clayton-le-Moors"
lancashire,lee hutchinson,Chorley South
lancashire,leon graham,West Lancashire West
lancashire,liam thomson,Burnley Central West
lancashire,lorenzo more,Penwortham East & Walton-le-Dale
lancashire,luke parker,Preston East
lancashire,mackenzie ritson,Rossendale East
lancashire,maria jones,Preston Rural
lancashire,marion atkinson,Pendle Central
lancashire,mark poulton,Burnley Rural
lancashire,mark wade,Chorley Rural West
lancashire,martin topp,Chorley North
lancashire,martyn sutton,Skerton
lancashire,matthew salter,Wyre Rural Central
lancashire,nathan mccollum,Pendle Rural
lancashire,nigel alderson,Thornton & Hambleton
lancashire,nigel swales,Skelmersdale East
lancashire,rick edwards,Burscough & Rufford
lancashire,russell walsh,Morecambe North
lancashire,shaun crimmins,Lancaster Rural East
lancashire,simon evans,Skelmersdale Central
lancashire,simon gummer,Lostock Hall & Bamber Bridge
lancashire,stephen atkinson,Ribble Valley South West
lancashire,tom lord,South Ribble West
lancashire,tom pickup,Padiham & Burnley West
lancashire,warren goldsworthy,Clitheroe
leicestershire,adam tilbury,Forest & Measham
leicestershire,andrew hamilton-gray,Loughborough North West
leicestershire,andrew innes,Melton East
leicestershire,andrew thorp,Narborough & Whetstone
leicestershire,bill piper,Broughton Astley
leicestershire,carl abbott,Stoney Stanton & Croft
leicestershire,charles pugsley,Castle Donington & Kegworth
leicestershire,charles whitford,"Markfield, Desford & Thornton"
leicestershire,dan harrison,Ashby de la Zouch
leicestershire,graham cooke,Cosby & Countesthorpe
leicestershire,harrison fowler,Bruntingthorpe
leicestershire,helen butler,Shepshed
leicestershire,john bloxham,Blaby & Glen Parva
leicestershire,john mcdonald,South & West Wigston
leicestershire,joseph boam,Whitwick
leicestershire,kerry knight,Melton West
leicestershire,kevin crook,"Glenfields, Kirby Muxloe & Leicester Forests"
leicestershire,kim robinson,Braunstone
leicestershire,linda danks,Rothley & Mountsorrel
leicestershire,martin england,Earl Shilton
leicestershire,michael squires,Valley
leicestershire,paul harrison,Coalville South
leicestershire,paul rudkin,Quorn & Barrow
leicestershire,peter morris,Loughborough North
leicestershire,virge richichi,Ibstock & Appleby
lincolnshire,adrian findley,Skegness North
lincolnshire,alan woodruff,Eagle & Hykeham West
lincolnshire,alistair arundell,Boston Coastal
lincolnshire,barry daish,Boston South
lincolnshire,bayleigh robinson,Saltfleet & the Cotes
lincolnshire,brenda collier,Birchwood
lincolnshire,carl edgoose-zagorskiy,Grantham South
lincolnshire,christopher reeve,Scotter Rural
lincolnshire,courtney robinson,Mablethorpe
lincolnshire,jane king,Donington Rural
lincolnshire,jane smith,Welton Rural
lincolnshire,jimmy brookes,Skegness South
lincolnshire,kenneth bamford,Hough
lincolnshire,kenneth redfern,Bourne South and Thurlby
lincolnshire,liam kelly,Swallow Beck & Witham
lincolnshire,maria hume,Wainfleet
lincolnshire,michael cheyne,Boston West
lincolnshire,mike beecham,Alford & Sutton
lincolnshire,natalie oliver,Woodhall Spa & Wragby
lincolnshire,nick hastings,Louth North
lincolnshire,paul lock,Boston Rural
lincolnshire,paul wimhurst,Gainsborough Rural South
lincolnshire,philip roberts,Horncastle & the Keals
lincolnshire,raymond condell,Crowland
lincolnshire,raymond whitaker,Sleaford Rural
lincolnshire,richard litchfield,Grantham Barrowby
lincolnshire,robert gibson,Spalding East
lincolnshire,thomas catton,Louth South
lincolnshire,thomas sneath,Holbeach
lincolnshire,trevor bridgwood,Bardney & Cherry Willingham
medway,david finch,Rochester East & Warren Wood
medway,john vye,Rochester East & Warren Wood
newcastle-under-lyme,lynn dean,Knutton
norfolk,david bick,Thetford West
norfolk,julian kirk,Marshland North
north ayrshire,matthew mclean,Irvine South
north ayrshire,stewart ferguson,Ardrossan
north east derbyshire,stephen reed,Killamarsh East
north east lincolnshire,oliver freeston,Croft Baker
north northamptonshire,andy sims,Finedon
north northamptonshire,ash hall,Pemberton
north northamptonshire,barry o'brien,Gretton & Weldon
north northamptonshire,brendon lovell-moore,Geddington & Stanion
north northamptonshire,brian benneyworth,Rothwell & Mawsley
north northamptonshire,chris kellett,Rothwell & Mawsley
north northamptonshire,chris mcgiffen,Pemberton
north northamptonshire,chris munday,Croyland & Swanspool
north northamptonshire,darren rance,Brickhill & Queensway
north northamptonshire,david donnelly,Corby West
north northamptonshire,denis mclean,Pipers Hill
north northamptonshire,eddie mcdonald,Gretton & Weldon
north northamptonshire,elizabeth wright,Raunds
north northamptonshire,frank kilgallon,Oakley
north northamptonshire,gavin beales,Brickhill & Queensway
north northamptonshire,gordon dunsmuir,Irchester
north northamptonshire,graham cheatley,Kingswood
north northamptonshire,gregory wilcox,Irthlingborough
north northamptonshire,helen campbell,Kingswood
north northamptonshire,jack goncalvez,Rushden Lakes
north northamptonshire,jan o'hara,Barton Seagrave & Burton Latimer
north northamptonshire,john lumsden,Oakley
north northamptonshire,jonathan carvetta,Brickhill & Queensway
north northamptonshire,joseph garner,Thrapston
north northamptonshire,julie howe,Avondale Grange
north northamptonshire,julie lumsden,Corby West
north northamptonshire,keith clarke,Rushden Lakes
north northamptonshire,ken harrington,Hatton Park
north northamptonshire,kirk harrison,Raunds
north northamptonshire,leon gibbs,Barton Seagrave & Burton Latimer
north northamptonshire,martin griffiths,Croyland & Swanspool
north northamptonshire,matt davies,Irthlingborough
north northamptonshire,maurice eglin,Barton Seagrave & Burton Latimer
north northamptonshire,paul brooke,Hatton Park
north northamptonshire,robert bloom,Lloyds & Corby Village
north northamptonshire,steve clark,Rushden South
north northamptonshire,trevor conway,Oakley
north northamptonshire,vinnie whitrow,Hatton Park
north northamptonshire,vlaho radin,Kingswood
north somerset,stuart davies,Wick St Lawrence & St Georges
north warwickshire,steve watson,Atherstone Central
north warwickshire,sue guilmant,Arley and Whitacre
north west leicestershire,tony saffell,Castle Donington Castle
north yorkshire,mike jordan,Camblesforth & Carlton
northumberland,david fitzgerald,Choppington & Hepscott
northumberland,john allen,Hirst
northumberland,karl green,Seaton with Spital
northumberland,nicole brooke,Berwick North
northumberland,patrick lambert,Norham & Islandshires
northumberland,roger spriddell,Sleekburn
northumberland,shaun knowles,Cramlington South West
northumberland,stephen flower,Hartley
northumberland,steven roberts,College with North Seaton
northumberland,trevor austin,Bedlington East
nottinghamshire,alan bite,Ashfields
nottinghamshire,andy mccormack,Warsop
nottinghamshire,barry answer,Mansfield West
nottinghamshire,bert bingham,Worksop West
nottinghamshire,brian wheatcroft,Mansfield West
nottinghamshire,cathy mason,Sutton North
nottinghamshire,christopher adegoke,Hucknall West
nottinghamshire,daniel saban,Retford West
nottinghamshire,david clark,Ollerton
nottinghamshire,dawn justice,Selston
nottinghamshire,desmond clarke,Newark West
nottinghamshire,faz choudhury,Mansfield South
nottinghamshire,glyn pepper,Greasley & Brinsley
nottinghamshire,hana john,Blyth & Harworth
nottinghamshire,james gamble,Sherwood Forest
nottinghamshire,james rawson,Nuthall & Kimberley
nottinghamshire,james walker-gurley,Eastwood
nottinghamshire,jan goold,Stapleford & Broxtowe Central
nottinghamshire,jim vernon,Carlton West
nottinghamshire,jody stoll,Calverton
nottinghamshire,john doddy,Stapleford & Broxtowe Central
nottinghamshire,john semens,Arnold North
nottinghamshire,joseph rich,Sutton Central & East
nottinghamshire,kelvin wright,Worksop South
nottinghamshire,kev dale,Worksop North
nottinghamshire,kevin brown,Mansfield South
nottinghamshire,martin wright,Mansfield East
nottinghamshire,mick barton,Mansfield East
nottinghamshire,mike robertson,Misterton
nottinghamshire,paul brill,Carlton West
nottinghamshire,richard darrington,Hucknall South
nottinghamshire,richard lowe,"Toton, Chilwell & Attenborough"
nottinghamshire,richard ward,Blidworth
nottinghamshire,rory green,Kirkby South
nottinghamshire,russell dodd,Worksop East
nottinghamshire,simon wright,Kirkby North
nottinghamshire,stuart matthews,Leake & Ruddington
nottinghamshire,terry cox,Sutton West
nottinghamshire,warren limber,Tuxford
nottinghamshire,wendy lukacs,Arnold North
oxfordshire,hao du,Didcot South
pendle,marion atkinson,Vivary Bridge
powys,claire johnson-wood,Llanyre with Nantmel
powys,geoff morgan,Ithon Valley
powys,iain mcintosh,Yscir with Honddu Isaf and Llanddew
powys,karl lewis,Llandinam with Dolfor
renfrewshire,alec leishman,Erskine and Inchinnan
renfrewshire,john gray,Renfrew North and Braehead
rochdale,jordan tarrant-short,Balderstone & Kirkholt
shropshire,brendan mallon,Tern
shropshire,brian evans,St Martin's
shropshire,carl rowley,St Martin's
shropshire,charles shackerley-bennett,Clee
shropshire,david davies,"Stottesdon, Kinlet & Hopton Waters"
shropshire,dawn husemann,Claverley & Worfield
shropshire,donna edmunds,Hodnet
shropshire,elizabeth barker,Shifnal Rural
shropshire,george hollyhead,Brown Clee
shropshire,harry hancock-davies,Battlefield
shropshire,mandy duncan,Sundorne & Old Heath
shropshire,pamela davies,Cleobury Mortimer
shropshire,peter husemann,Bridgnorth Castle
shropshire,sharon ritchie-simmons,Highley
shropshire,susan eden,Bridgnorth East
shropshire,thomas clayton,Shifnal North
south holland,ingrid sheard,Spalding Monks House
south holland,jane king,"Donington, Quadring and Gosberton"
south holland,manzur hasan,Spalding St John's
south holland,robert gibson,Spalding St Paul's
south holland,thomas sneath,"Moulton, Weston and Cowbit"
south lanarkshire,poppy corbett,Clydesdale West
south lanarkshire,ross lambie,Clydesdale South
southend-on-sea,darryl jones,Southchurch
southend-on-sea,tony cox,West Shoebury
st. helens,john pinnington,Sutton South East
staffordshire,adam griffiths,Newcastle South
staffordshire,alex hunt,Chadsmoor
staffordshire,andrew clissett,Burntwood North
staffordshire,andrew mynors,Stafford Trent Valley
staffordshire,anthony screen,Kidsgrove
staffordshire,antonia orlandi-fantini,Stafford South West
staffordshire,barry martin,Stretton
staffordshire,bob egginton,Biddulph South & Endon
staffordshire,charlotte kelly,Leek Rural
staffordshire,chris gilbert,Stafford North
staffordshire,chris large,Brewood
staffordshire,craig humphreyson,Penkridge
staffordshire,daniel cecil,"Norton Canes, Heath Hayes & Wimblebury"
staffordshire,gary bentley,Cheadle & Checkley
staffordshire,gary hales,Uttoxeter Rural
staffordshire,gordon munro,Wilnecote
staffordshire,hayley coles,The Heaths
staffordshire,helen arnold,Newcastle Rural
staffordshire,ian cooper,Perrycrofts
staffordshire,james hodges,Perton
staffordshire,janet higgins,Lichfield Rural West
staffordshire,jon pendleton,Etching Hill & The Heath
staffordshire,lynn dean,May Bank & Wolstanton
staffordshire,marie shortland,Wombourne
staffordshire,mark nixon,Silverdale & Knutton
staffordshire,martin murray,Cannock Town
staffordshire,martin rogerson,Talke & Red Street
staffordshire,matthew wallens,Lichfield City North
staffordshire,michael carver,Burton Town
staffordshire,michelle woods,Great Wurley & Essington
staffordshire,mike broom,Biddulph North
staffordshire,neil parton,Brereton & Ravenhill
staffordshire,nicholas lakin,Bradwell & Porthill
staffordshire,nicholas thompson,The Cotes/Two Rivers
staffordshire,patrick allen,Uttoxeter Town
staffordshire,paul jones,Hednesford North
staffordshire,paul williams,Stafford Central
staffordshire,peter mason,Burton South
staffordshire,rhys machin,Audley & Chesterton
staffordshire,rhys mandry,"Hawks Green, Rawnsley & Cannock Wood"
staffordshire,robin hall,Burntwood South
staffordshire,sean bagguley,Stone Rural North
staffordshire,sonny edwards,Leek South
staffordshire,su beardmore,Churnet Valley
staffordshire,thomas baker,"Cheslyn Hay Village, Featherstone & Shareshill"
staffordshire,tracey dougherty,Lichfield Rural East
staffordshire,warwick mckenzie,Caverswall
staffordshire,wayne luca,Watling
staffordshire,wayne titley,Eccleshall & Gnosall
stratford-on-avon,sarah whalley-hoggins,Brailes & Compton
suffolk,christopher hudson,Belstead Brook
teignbridge,stephen horner,Teignmouth West
tendring,aimee keteca,The Bentleys & Frating
tendring,bradley thompson,West Clacton & Jaywick Sands
tendring,james codling,Bluehouse
tendring,jeff bray,Little Clacton
tendring,michael bush,The Oakleys & Wix
tendring,peter harris,Weeley & Tendring
tendring,richard everett,Frinton
thanet,peter evans,Thanet Villages
torfaen,alan slade,Llantarnam
torfaen,david thomas,Llantarnam
torfaen,jason o'connell,Llantarnam
torfaen,stuart keyte,Trevethin and Penygarn
uttlesford,heather asker,Saffron Walden Castle
warwickshire,edward harris,Baddesley & Dordon
warwickshire,luke shingler,Galley Common
west northamptonshire,adam smith,Hackleton & Roade
west northamptonshire,adrian cartwright,Headlands
west northamptonshire,adrian little,Towcester
west northamptonshire,alexander mcmurtry,Daventry South
west northamptonshire,andrew last,Brackley
west northamptonshire,anthony lock,Daventry South
west northamptonshire,anthony owens,"Far Cotton, Delapre & Briar Hill"
west northamptonshire,cameron emery,Headlands
west northamptonshire,caroline phillips,Kingsthorpe South
west northamptonshire,charlie hastie,Woodford & Weedon
west northamptonshire,craig morris,Nene Valley
west northamptonshire,daniel rainbird,Kingsthorpe North
west northamptonshire,david gaskell,Kingsthorpe South
west northamptonshire,debra king,Campion
west northamptonshire,glenn butcher,Hunsbury
west northamptonshire,hayley adkins,Duston
west northamptonshire,ivan dabbs,Deanshanger & Paulerspury
west northamptonshire,james petter,"Far Cotton, Delapre & Briar Hill"
west northamptonshire,jasmine rainbird,Duston
west northamptonshire,jeffrey johnson,Blackthorn & Rectory Farm
west northamptonshire,joanne blythe,Headlands
west northamptonshire,john east,Dallington Spencer
west northamptonshire,john slope,Moulton
west northamptonshire,kamala guliyeva,Daventry South
west northamptonshire,kathryn shaw,Upton
west northamptonshire,laura couse,Nene Valley
west northamptonshire,mark arnull,Kingsthorpe North
west northamptonshire,mark deakes,Billing
west northamptonshire,michael stratton,Upton
west northamptonshire,nicholas humphries,Kingsley & Semilong
west northamptonshire,nigel berrill,Kingsthorpe North
west northamptonshire,nigel stansfield,Parklands
west northamptonshire,peter york,Moulton
west northamptonshire,richard butler,Brackley
west northamptonshire,richard pipes,Daventry North West
west northamptonshire,ronald firman,Hunsbury
west northamptonshire,scott packer,Talavera
west northamptonshire,silas hays,Billing
west northamptonshire,susan gaskell,Moulton
west northamptonshire,thomas manning,Talavera
west northamptonshire,trefor hughes,Nene Valley
west northamptonshire,vincent clive,Duston
wiltshire,augusta urquhart-nicholls,Calne Chilvester & Abberd
wiltshire,boaz barry,Westbury North
wiltshire,chris brautigam,Southwick
wiltshire,chris vaughan,Trowbridge Park
wiltshire,dave lumsden,Tidworth East & Ludgershall South
wiltshire,ed rimmer,Salisbury Bemerton Heath
wiltshire,keith allen,Tidworth North & West
wiltshire,kevin asplin,Amesbury East & Bulford
wiltshire,mike sankey,Calne North
wiltshire,robert smith,Westbury West
windsor and maidenhead,david buckley,"Datchet, Horton & Wraysbury"
worcester,alan amos,Lower Wick & Pitmaston
worcestershire,anthony upton,St Barnabas
worcestershire,ashley monk,Redditch West
worcestershire,bill hopkins,St Chads
worcestershire,dave edmonds,Redditch Central
worcestershire,david taylor,Redditch East
worcestershire,gaynor jean-louis,Bromsgrove South
worcestershire,ian cresswell,Stourport Mitton
worcestershire,jo monk,Redditch East
worcestershire,karl perks,Stourport Areley Kings & Riverside
worcestershire,mark crosby,St Georges
worcestershire,matthew jones,St Johns
worcestershire,richard tudge,Redditch Central
worcestershire,rob wharton,St Peters
worcestershire,roger bennett,Redditch South
worcestershire,stephen foster,Redditch West
worcestershire,sue eacock,Redditch South
